source,pitcher,date,call,line,side,odds,actual_k,result
model,Justin Wrobleski,2026-08-03,under 5.5,5.5,under,-109.0,4.0,HIT
model,Logan Webb,2026-08-03,under 5.5,5.5,under,-159.0,8.0,MISS
model,Michael King,2026-08-03,under 4.5,4.5,under,-124.0,5.0,MISS
tout,Chase Burns,2026-08-02,over 6.5,6.5,over,-124.0,9.0,HIT
tout,Gavin Williams,2026-08-02,over 6.5,6.5,over,,10.0,HIT
tout,Logan Webb,2026-08-03,over 5.0,5.0,over,-159.0,8.0,HIT
tout,Michael King,2026-08-03,over 5.0,5.0,over,101.0,5.0,HIT
tout,Bubba Chandler,2026-08-03,under 4.5,4.5,under,123.0,5.0,MISS
tout,Dylan Cease,,over 6.5,6.5,over,,,N/A (did not pitch)
